feature,importance
Age,0.30098910633561904
NumOfProducts,0.18511182481285238
Balance,0.12366572875602949
EstimatedSalary,0.09764143153210768
CreditScore,0.09611335155284502
IsActiveMember,0.06025049390208388
Tenure,0.056309925191885955
Geography,0.038628523649216116
Gender,0.027761629116375232
HasCrCard,0.013527985150985154
